﻿<?xml version="1.0" standalone="yes"?>
<mi:PackageInstaller xmlns:mi="http://www.composite.net/ns/management/packageinstaller/1.0">
  <mi:PackageRequirements minimumCompositeVersion="3.2.4497.34793" maximumCompositeVersion="3.2.4681.14220" />
  <mi:PackageInformation name="Composite C1 3.2 Patch 3" groupName="Composite.Updates" version="1.0.0" author="Composite A/S" website="http://www.composite.net/" id="615244c6-8b08-4ca8-b472-8063f3655c30" canBeUninstalled="false" systemLocking="none" assemblyLoad="false" flushOnCompletion="false" reloadConsoleOnCompletion="false">
    <TechnicalDetails>Fixes .net 4.5 related issues, Chrome dialog look, multi lingual site threading issue and MultiKeySelector widget</TechnicalDetails>
    <Description>Composite C1 3.2 Patch 3 fixes issues with saving pages and data and previewing pages. The issues can surface when the .NET Framework 4.5 is installed on the machine hosting Composite C1. Fixes layout issue with modal dialogs in Google Chrome. An issue where one C1 Function accessing non-default data scopes can shwitch scope for functions running in parallel also fixed.</Description>
  </mi:PackageInformation>

  <mi:PackageFragmentInstallerBinaries />
  <mi:PackageFragmentInstallers>
    <mi:Add installerType="Composite.Core.PackageSystem.PackageFragmentInstallers.FilePackageFragmentInstaller, Composite" uninstallerType="Composite.Core.PackageSystem.PackageFragmentInstallers.FilePackageFragmentUninstaller, Composite">
      <Files>
        <File sourceFilename="~\Composite\controls\FormsControls\FormUiControlTemplates\Selectors\MultiKeySelector.ascx" targetFilename="~\Composite\controls\FormsControls\FormUiControlTemplates\Selectors\MultiKeySelector.ascx" allowOverwrite="true" />
        <File sourceFilename="~\Composite\styles\styles_compiled.css" targetFilename="~\Composite\styles\styles_compiled.css" allowOverwrite="true" />
        <File sourceFilename="~\Composite\styles\default\dialogs.css" targetFilename="~\Composite\styles\default\dialogs.css" allowOverwrite="true" />
        <File sourceFilename="~\Bin\Composite.dll" targetFilename="~\Bin\Composite.dll" allowOverwrite="true" />
        <File sourceFilename="~\Bin\Composite.xml" targetFilename="~\Bin\Composite.xml" allowOverwrite="true" />
      </Files>
    </mi:Add>
  </mi:PackageFragmentInstallers>
</mi:PackageInstaller>